캐릭터명,희귀도,캐릭터아이콘경로,속성명리스트,속성_아이콘경로리스트,무기명리스트,무기_아이콘경로리스트,방어구명리스트,방어구_아이콘경로리스트,출시일
Raven AS,5★ SA,character_art/icons/101000021_s2_rank5_command.png,땅,character_art/elements_equipment/skill_type_8_2.png,지팡이,character_art/elements_equipment/202000000_icon.png,반지,character_art/elements_equipment/216000004_icon.png,2025-07-24
Ruby-Sleeved Merchant,5★ SA,character_art/icons/101010201_rank5_command.png,땅,character_art/elements_equipment/skill_type_8_2.png,검,character_art/elements_equipment/202000001_icon.png,팔찌,character_art/elements_equipment/216000002_icon.png,2025-07-10
Cyan Scyther (Another Style),5★ SA,character_art/icons/101030161_s2_rank5_command.png,물,character_art/elements_equipment/skill_type_8_4.png,도끼,character_art/elements_equipment/202000003_icon.png,목걸이,character_art/elements_equipment/216000003_icon.png,2025-06-19
Linaria,4~5★ SA,character_art/icons/101010211_rank5_command.png,불,character_art/elements_equipment/skill_type_8_1.png,검,character_art/elements_equipment/202000001_icon.png,팔찌,character_art/elements_equipment/216000002_icon.png,2025-06-05
Selfless Seeker,5★ SA,character_art/icons/101050211_rank5_command.png,땅,character_art/elements_equipment/skill_type_8_2.png,활,character_art/elements_equipment/202000005_icon.png,반지,character_art/elements_equipment/216000004_icon.png,2025-05-22
Red Clad Flam. (Another Style),5★ SA,character_art/icons/101060141_s2_rank5_command.png,"불,수정","character_art/elements_equipment/skill_type_8_1.png,character_art/elements_equipment/skill_type_8_64.png",주먹,character_art/elements_equipment/202000006_icon.png,목걸이,character_art/elements_equipment/216000003_icon.png,2025-05-08
Velette AS,5★ SA,character_art/icons/101070131_s2_rank5_command.png,뇌,character_art/elements_equipment/skill_type_8_16.png,망치,character_art/elements_equipment/202000007_icon.png,팔찌,character_art/elements_equipment/216000002_icon.png,2025-04-24
Aldo AS,5★ SA,character_art/icons/101910011_s2_rank5_command.png,"무,불","character_art/elements_equipment/skill_type_8_0.png,character_art/elements_equipment/skill_type_8_1.png",검,character_art/elements_equipment/202000001_icon.png,팔찌,character_art/elements_equipment/216000002_icon.png,2025-04-12
Nilya,4~5★ SA,character_art/icons/101060201_rank5_command.png,수정,character_art/elements_equipment/skill_type_8_64.png,주먹,character_art/elements_equipment/202000006_icon.png,목걸이,character_art/elements_equipment/216000003_icon.png,2025-04-12
Shion ES,5★ SA,character_art/icons/101020031_s3_rank5_command.png,뇌,character_art/elements_equipment/skill_type_8_16.png,도,character_art/elements_equipment/202000002_icon.png,반지,character_art/elements_equipment/216000004_icon.png,2025-04-12
Senya AS,5★ SA,character_art/icons/101020191_s2_rank5_command.png,"그림자,불","character_art/elements_equipment/skill_type_8_32.png,character_art/elements_equipment/skill_type_8_1.png",도,character_art/elements_equipment/202000002_icon.png,반지,character_art/elements_equipment/216000004_icon.png,2025-03-19
Jet Tactician (Another Style),5★ SA,character_art/icons/101000301_s2_rank5_command.png,불,character_art/elements_equipment/skill_type_8_1.png,지팡이,character_art/elements_equipment/202000000_icon.png,반지,character_art/elements_equipment/216000004_icon.png,2025-03-19
Komachi AS,5★ SA,character_art/icons/101040011_s2_rank5_command.png,땅,character_art/elements_equipment/skill_type_8_2.png,창,character_art/elements_equipment/202000004_icon.png,팔찌,character_art/elements_equipment/216000002_icon.png,2025-03-06
Hoarfrost Songstress,5★ SA,character_art/icons/101050201_rank5_command.png,바람,character_art/elements_equipment/skill_type_8_8.png,활,character_art/elements_equipment/202000005_icon.png,반지,character_art/elements_equipment/216000004_icon.png,2025-02-20
Krervo AS,5★ SA,character_art/icons/101000071_s2_rank5_command.png,무,character_art/elements_equipment/skill_type_8_0.png,지팡이,character_art/elements_equipment/202000000_icon.png,반지,character_art/elements_equipment/216000004_icon.png,2025-02-06
Kagurame,4~5★ SA,character_art/icons/101070161_rank5_command.png,그림자,character_art/elements_equipment/skill_type_8_32.png,망치,character_art/elements_equipment/202000007_icon.png,팔찌,character_art/elements_equipment/216000002_icon.png,2025-01-23
Forlorn Thespian,5★ SA,character_art/icons/101010191_rank5_command.png,땅,character_art/elements_equipment/skill_type_8_2.png,검,character_art/elements_equipment/202000001_icon.png,팔찌,character_art/elements_equipment/216000002_icon.png,2025-01-09
Necoco ES,5★ SA,character_art/icons/101030151_s3_rank5_command.png,물,character_art/elements_equipment/skill_type_8_4.png,활,character_art/elements_equipment/202000005_icon.png,반지,character_art/elements_equipment/216000004_icon.png,2024-12-30
Elseal AS,5★ SA,character_art/icons/101010161_s2_rank5_command.png,바람,character_art/elements_equipment/skill_type_8_8.png,검,character_art/elements_equipment/202000001_icon.png,팔찌,character_art/elements_equipment/216000002_icon.png,2024-12-19
Empel,4~5★ SA,character_art/icons/101460141_rank5_command.png,무,character_art/elements_equipment/skill_type_8_0.png,지팡이,character_art/elements_equipment/202000000_icon.png,반지,character_art/elements_equipment/216000004_icon.png,2024-12-05
Id,4~5★ SA,character_art/icons/101060191_rank5_command.png,땅,character_art/elements_equipment/skill_type_8_2.png,주먹,character_art/elements_equipment/202000006_icon.png,목걸이,character_art/elements_equipment/216000003_icon.png,2024-12-05
Klaudia,4~5★ SA,character_art/icons/101460131_rank5_command.png,바람,character_art/elements_equipment/skill_type_8_8.png,활,character_art/elements_equipment/202000005_icon.png,반지,character_art/elements_equipment/216000004_icon.png,2024-12-05
Ryza,4~5★ SA,character_art/icons/101460121_rank5_command.png,불,character_art/elements_equipment/skill_type_8_1.png,지팡이,character_art/elements_equipment/202000000_icon.png,반지,character_art/elements_equipment/216000004_icon.png,2024-12-05
Izuna,4~5★ SA,character_art/icons/101000391_rank5_command.png,뇌,character_art/elements_equipment/skill_type_8_16.png,지팡이,character_art/elements_equipment/202000000_icon.png,반지,character_art/elements_equipment/216000004_icon.png,2024-11-21
Rufus AS,5★ SA,character_art/icons/101060051_s2_rank5_command.png,불,character_art/elements_equipment/skill_type_8_1.png,주먹,character_art/elements_equipment/202000006_icon.png,목걸이,character_art/elements_equipment/216000003_icon.png,2024-11-07
Nocturne Ninja,5★ SA,character_art/icons/101060181_rank5_command.png,물,character_art/elements_equipment/skill_type_8_4.png,주먹,character_art/elements_equipment/202000006_icon.png,목걸이,character_art/elements_equipment/216000003_icon.png,2024-10-24
Sesta AS,5★ SA,character_art/icons/101020161_s2_rank5_command.png,물,character_art/elements_equipment/skill_type_8_4.png,도,character_art/elements_equipment/202000002_icon.png,반지,character_art/elements_equipment/216000004_icon.png,2024-10-10
Senya,5★ SA,character_art/icons/101020191_rank5_command.png,"그림자,불","character_art/elements_equipment/skill_type_8_32.png,character_art/elements_equipment/skill_type_8_1.png",도,character_art/elements_equipment/202000002_icon.png,반지,character_art/elements_equipment/216000004_icon.png,2024-09-19
Shigure ES,5★ SA,character_art/icons/101020101_s3_rank5_command.png,물,character_art/elements_equipment/skill_type_8_4.png,도,character_art/elements_equipment/202000002_icon.png,반지,character_art/elements_equipment/216000004_icon.png,2024-09-19
Lingli AS,5★ SA,character_art/icons/101060021_s2_rank5_command.png,불,character_art/elements_equipment/skill_type_8_1.png,주먹,character_art/elements_equipment/202000006_icon.png,목걸이,character_art/elements_equipment/216000003_icon.png,2024-09-05
Kula,5★ SA,character_art/icons/101460051_rank5_command.png,바람,character_art/elements_equipment/skill_type_8_8.png,주먹,character_art/elements_equipment/202000006_icon.png,목걸이,character_art/elements_equipment/216000003_icon.png,2024-08-22
Kyo,5★ SA,character_art/icons/101460021_rank5_command.png,불,character_art/elements_equipment/skill_type_8_1.png,주먹,character_art/elements_equipment/202000006_icon.png,목걸이,character_art/elements_equipment/216000003_icon.png,2024-08-22
Mai,5★ SA,character_art/icons/101460041_rank5_command.png,불,character_art/elements_equipment/skill_type_8_1.png,주먹,character_art/elements_equipment/202000006_icon.png,목걸이,character_art/elements_equipment/216000003_icon.png,2024-08-22
Thornbound Witch,5★ SA,character_art/icons/101070151_rank5_command.png,"물,그림자","character_art/elements_equipment/skill_type_8_4.png,character_art/elements_equipment/skill_type_8_32.png",망치,character_art/elements_equipment/202000007_icon.png,팔찌,character_art/elements_equipment/216000002_icon.png,2024-08-22
Terry,5★ SA,character_art/icons/101460031_rank5_command.png,땅,character_art/elements_equipment/skill_type_8_2.png,주먹,character_art/elements_equipment/202000006_icon.png,목걸이,character_art/elements_equipment/216000003_icon.png,2024-08-22
Zilva AS,5★ SA,character_art/icons/101030081_s2_rank5_command.png,"무,땅","character_art/elements_equipment/skill_type_8_0.png,character_art/elements_equipment/skill_type_8_2.png",도끼,character_art/elements_equipment/202000003_icon.png,목걸이,character_art/elements_equipment/216000003_icon.png,2024-08-08
Utpalaka,4~5★ SA,character_art/icons/101030211_rank5_command.png,뇌,character_art/elements_equipment/skill_type_8_16.png,도끼,character_art/elements_equipment/202000003_icon.png,목걸이,character_art/elements_equipment/216000003_icon.png,2024-07-25
Undercover Scribe,5★ SA,character_art/icons/101060171_rank5_command.png,불,character_art/elements_equipment/skill_type_8_1.png,주먹,character_art/elements_equipment/202000006_icon.png,목걸이,character_art/elements_equipment/216000003_icon.png,2024-07-04
Minalca AS,5★ SA,character_art/icons/101010131_s2_rank5_command.png,불,character_art/elements_equipment/skill_type_8_1.png,검,character_art/elements_equipment/202000001_icon.png,팔찌,character_art/elements_equipment/216000002_icon.png,2024-06-20
Feinne AS,5★ SA,character_art/icons/101900011_s2_rank5_command.png,무,character_art/elements_equipment/skill_type_8_0.png,지팡이,character_art/elements_equipment/202000000_icon.png,반지,character_art/elements_equipment/216000004_icon.png,2024-06-06
Jillfunny,4~5★ SA,character_art/icons/101010181_rank5_command.png,"바람,수정","character_art/elements_equipment/skill_type_8_8.png,character_art/elements_equipment/skill_type_8_64.png",검,character_art/elements_equipment/202000001_icon.png,팔찌,character_art/elements_equipment/216000002_icon.png,2024-06-06
Mazrika,4~5★ SA,character_art/icons/101030201_rank5_command.png,바람,character_art/elements_equipment/skill_type_8_8.png,도끼,character_art/elements_equipment/202000003_icon.png,목걸이,character_art/elements_equipment/216000003_icon.png,2024-05-23
Yakumo AS,5★ SA,character_art/icons/101000331_s2_rank5_command.png,그림자,character_art/elements_equipment/skill_type_8_32.png,지팡이,character_art/elements_equipment/202000000_icon.png,반지,character_art/elements_equipment/216000004_icon.png,2024-05-09
Virtual Reflection,5★ SA,character_art/icons/101070141_rank5_command.png,"땅,뇌","character_art/elements_equipment/skill_type_8_2.png,character_art/elements_equipment/skill_type_8_16.png",망치,character_art/elements_equipment/202000007_icon.png,팔찌,character_art/elements_equipment/216000002_icon.png,2024-04-25
Anabel ES,5★ SA,character_art/icons/101010011_s3_rank5_command.png,불,character_art/elements_equipment/skill_type_8_1.png,창,character_art/elements_equipment/202000004_icon.png,팔찌,character_art/elements_equipment/216000002_icon.png,2024-04-12
Xianhua,4~5★ SA,character_art/icons/101000381_rank5_command.png,무,character_art/elements_equipment/skill_type_8_0.png,지팡이,character_art/elements_equipment/202000000_icon.png,반지,character_art/elements_equipment/216000004_icon.png,2024-04-12
Kuchinawa,4~5★ SA,character_art/icons/101000371_rank5_command.png,땅,character_art/elements_equipment/skill_type_8_2.png,지팡이,character_art/elements_equipment/202000000_icon.png,반지,character_art/elements_equipment/216000004_icon.png,2024-03-21
Daisy AS,5★ SA,character_art/icons/101070111_s2_rank5_command.png,땅,character_art/elements_equipment/skill_type_8_2.png,망치,character_art/elements_equipment/202000007_icon.png,팔찌,character_art/elements_equipment/216000002_icon.png,2024-03-08
Ewella AS,5★ SA,character_art/icons/101040141_s2_rank5_command.png,"바람,수정","character_art/elements_equipment/skill_type_8_8.png,character_art/elements_equipment/skill_type_8_64.png",창,character_art/elements_equipment/202000004_icon.png,팔찌,character_art/elements_equipment/216000002_icon.png,2024-02-22
Sazanca,4~5★ SA,character_art/icons/101030191_rank5_command.png,불,character_art/elements_equipment/skill_type_8_1.png,도끼,character_art/elements_equipment/202000003_icon.png,목걸이,character_art/elements_equipment/216000003_icon.png,2024-02-08
Melpiphia,4~5★ SA,character_art/icons/101010171_rank5_command.png,물,character_art/elements_equipment/skill_type_8_4.png,검,character_art/elements_equipment/202000001_icon.png,팔찌,character_art/elements_equipment/216000002_icon.png,2024-01-26
Blooming Blade,5★ SA,character_art/icons/101020181_rank5_command.png,땅,character_art/elements_equipment/skill_type_8_2.png,도,character_art/elements_equipment/202000002_icon.png,반지,character_art/elements_equipment/216000004_icon.png,2024-01-22
Thillelille ES,5★ SA,character_art/icons/101010121_s3_rank5_command.png,수정,character_art/elements_equipment/skill_type_8_64.png,검,character_art/elements_equipment/202000001_icon.png,팔찌,character_art/elements_equipment/216000002_icon.png,2024-01-16
Alma AS,5★ SA,character_art/icons/101050171_s2_rank5_command.png,수정,character_art/elements_equipment/skill_type_8_64.png,활,character_art/elements_equipment/202000005_icon.png,반지,character_art/elements_equipment/216000004_icon.png,2024-01-09
Wenefica,4~5★ SA,character_art/icons/101050191_rank5_command.png,"바람,그림자","character_art/elements_equipment/skill_type_8_8.png,character_art/elements_equipment/skill_type_8_32.png",활,character_art/elements_equipment/202000005_icon.png,반지,character_art/elements_equipment/216000004_icon.png,2023-12-28
Cyrus Albright,4~5★ SA,character_art/icons/101450051_rank5_command.png,"불,바람,뇌","character_art/elements_equipment/skill_type_8_1.png,character_art/elements_equipment/skill_type_8_8.png,character_art/elements_equipment/skill_type_8_16.png",지팡이,character_art/elements_equipment/202000000_icon.png,반지,character_art/elements_equipment/216000004_icon.png,2023-12-07
Oboro,4~5★ SA,character_art/icons/101020171_rank5_command.png,뇌,character_art/elements_equipment/skill_type_8_16.png,도,character_art/elements_equipment/202000002_icon.png,반지,character_art/elements_equipment/216000004_icon.png,2023-12-07
Partitio,4~5★ SA,character_art/icons/101450061_rank5_command.png,불,character_art/elements_equipment/skill_type_8_1.png,활,character_art/elements_equipment/202000005_icon.png,반지,character_art/elements_equipment/216000004_icon.png,2023-12-07
Tithi,4~5★ SA,character_art/icons/101450071_rank5_command.png,뇌,character_art/elements_equipment/skill_type_8_16.png,주먹,character_art/elements_equipment/202000006_icon.png,목걸이,character_art/elements_equipment/216000003_icon.png,2023-12-07
Cerius,4~5★ SA,character_art/icons/101050181_rank5_command.png,땅,character_art/elements_equipment/skill_type_8_2.png,활,character_art/elements_equipment/202000005_icon.png,반지,character_art/elements_equipment/216000004_icon.png,2023-11-24
Wryz,4~5★ SA,character_art/icons/101040201_rank5_command.png,바람,character_art/elements_equipment/skill_type_8_8.png,창,character_art/elements_equipment/202000004_icon.png,팔찌,character_art/elements_equipment/216000002_icon.png,2023-11-24
Pom AS,5★,character_art/icons/101000161_s2_rank5_command.png,불,character_art/elements_equipment/skill_type_8_1.png,지팡이,character_art/elements_equipment/202000000_icon.png,반지,character_art/elements_equipment/216000004_icon.png,2023-11-15
Orleya AS,5★,character_art/icons/101030171_s2_rank5_command.png,"불,뇌","character_art/elements_equipment/skill_type_8_1.png,character_art/elements_equipment/skill_type_8_16.png",도끼,character_art/elements_equipment/202000003_icon.png,목걸이,character_art/elements_equipment/216000003_icon.png,2023-11-07
Porcelain Pixie,5★,character_art/icons/101000361_rank5_command.png,땅,character_art/elements_equipment/skill_type_8_2.png,지팡이,character_art/elements_equipment/202000000_icon.png,반지,character_art/elements_equipment/216000004_icon.png,2023-10-25
Kamlanage,5★,character_art/icons/101000341_rank5_command.png,뇌,character_art/elements_equipment/skill_type_8_16.png,지팡이,character_art/elements_equipment/202000000_icon.png,반지,character_art/elements_equipment/216000004_icon.png,2023-10-17
Velette,4~5★,character_art/icons/101070131_rank5_command.png,뇌,character_art/elements_equipment/skill_type_8_16.png,망치,character_art/elements_equipment/202000007_icon.png,팔찌,character_art/elements_equipment/216000002_icon.png,2023-10-17
Parisa AS,5★,character_art/icons/101050031_s2_rank5_command.png,불,character_art/elements_equipment/skill_type_8_1.png,활,character_art/elements_equipment/202000005_icon.png,반지,character_art/elements_equipment/216000004_icon.png,2023-10-06
Dream Weaver,5★,character_art/icons/101000351_rank5_command.png,바람,character_art/elements_equipment/skill_type_8_8.png,지팡이,character_art/elements_equipment/202000000_icon.png,반지,character_art/elements_equipment/216000004_icon.png,2023-09-26
Melody AS,5★,character_art/icons/101000141_s2_rank5_command.png,물,character_art/elements_equipment/skill_type_8_4.png,지팡이,character_art/elements_equipment/202000000_icon.png,반지,character_art/elements_equipment/216000004_icon.png,2023-09-15
Noahxis AS,5★,character_art/icons/101070121_s2_rank5_command.png,물,character_art/elements_equipment/skill_type_8_4.png,망치,character_art/elements_equipment/202000007_icon.png,팔찌,character_art/elements_equipment/216000002_icon.png,2023-09-15
Felmina ES,5★,character_art/icons/101060091_s3_rank5_command.png,바람,character_art/elements_equipment/skill_type_8_8.png,도끼,character_art/elements_equipment/202000003_icon.png,목걸이,character_art/elements_equipment/216000003_icon.png,2023-09-06
Elseal,4~5★,character_art/icons/101010161_rank5_command.png,바람,character_art/elements_equipment/skill_type_8_8.png,검,character_art/elements_equipment/202000001_icon.png,팔찌,character_art/elements_equipment/216000002_icon.png,2023-08-25
Premaya AS,5★,character_art/icons/101050111_s2_rank5_command.png,땅,character_art/elements_equipment/skill_type_8_2.png,활,character_art/elements_equipment/202000005_icon.png,반지,character_art/elements_equipment/216000004_icon.png,2023-08-15
Crimson Reaper,5★,character_art/icons/101030181_rank5_command.png,바람,character_art/elements_equipment/skill_type_8_8.png,도끼,character_art/elements_equipment/202000003_icon.png,목걸이,character_art/elements_equipment/216000003_icon.png,2023-08-04
Pizzica AS,5★,character_art/icons/101050141_s2_rank5_command.png,불,character_art/elements_equipment/skill_type_8_1.png,활,character_art/elements_equipment/202000005_icon.png,반지,character_art/elements_equipment/216000004_icon.png,2023-07-25
Nona AS,5★,character_art/icons/101050161_s2_rank5_command.png,"바람,그림자","character_art/elements_equipment/skill_type_8_8.png,character_art/elements_equipment/skill_type_8_32.png",활,character_art/elements_equipment/202000005_icon.png,반지,character_art/elements_equipment/216000004_icon.png,2023-07-14
Sesta,4~5★,character_art/icons/101020161_rank5_command.png,물,character_art/elements_equipment/skill_type_8_4.png,도,character_art/elements_equipment/202000002_icon.png,반지,character_art/elements_equipment/216000004_icon.png,2023-07-14
Toova ES,5★,character_art/icons/101000051_s3_rank5_command.png,"바람,그림자","character_art/elements_equipment/skill_type_8_8.png,character_art/elements_equipment/skill_type_8_32.png",망치,character_art/elements_equipment/202000007_icon.png,팔찌,character_art/elements_equipment/216000002_icon.png,2023-07-14
Lovely AS,5★,character_art/icons/101060121_s2_rank5_command.png,불,character_art/elements_equipment/skill_type_8_1.png,주먹,character_art/elements_equipment/202000006_icon.png,목걸이,character_art/elements_equipment/216000003_icon.png,2023-07-05
Cerrine AS,5★,character_art/icons/101060081_s2_rank5_command.png,땅,character_art/elements_equipment/skill_type_8_2.png,주먹,character_art/elements_equipment/202000006_icon.png,목걸이,character_art/elements_equipment/216000003_icon.png,2023-06-21
Beautiful Stranger,5★,character_art/icons/101010151_rank5_command.png,땅,character_art/elements_equipment/skill_type_8_2.png,검,character_art/elements_equipment/202000001_icon.png,팔찌,character_art/elements_equipment/216000002_icon.png,2023-06-21
Yakumo,4~5★,character_art/icons/101000331_rank5_command.png,그림자,character_art/elements_equipment/skill_type_8_32.png,지팡이,character_art/elements_equipment/202000000_icon.png,반지,character_art/elements_equipment/216000004_icon.png,2023-06-09
Dewey AS,5★,character_art/icons/101060101_s2_rank5_command.png,바람,character_art/elements_equipment/skill_type_8_8.png,주먹,character_art/elements_equipment/202000006_icon.png,목걸이,character_art/elements_equipment/216000003_icon.png,2023-05-10
Vermillion Whip,5★,character_art/icons/101040191_rank5_command.png,불,character_art/elements_equipment/skill_type_8_1.png,창,character_art/elements_equipment/202000004_icon.png,팔찌,character_art/elements_equipment/216000002_icon.png,2023-04-26
Mariel ES,5★,character_art/icons/101000031_s3_rank5_command.png,수정,character_art/elements_equipment/skill_type_8_64.png,주먹,character_art/elements_equipment/202000006_icon.png,목걸이,character_art/elements_equipment/216000003_icon.png,2023-04-11
Heena AS,5★,character_art/icons/101020121_s2_rank5_command.png,물,character_art/elements_equipment/skill_type_8_4.png,도,character_art/elements_equipment/202000002_icon.png,반지,character_art/elements_equipment/216000004_icon.png,2023-03-24
Garambarrel AS,5★,character_art/icons/101040161_s2_rank5_command.png,물,character_art/elements_equipment/skill_type_8_4.png,창,character_art/elements_equipment/202000004_icon.png,팔찌,character_art/elements_equipment/216000002_icon.png,2023-03-10
Ashtear,5★,character_art/icons/101060161_rank5_command.png,불,character_art/elements_equipment/skill_type_8_1.png,주먹,character_art/elements_equipment/202000006_icon.png,목걸이,character_art/elements_equipment/216000003_icon.png,2023-02-24
Minalca,4~5★,character_art/icons/101010131_rank5_command.png,불,character_art/elements_equipment/skill_type_8_1.png,검,character_art/elements_equipment/202000001_icon.png,팔찌,character_art/elements_equipment/216000002_icon.png,2023-02-24
Flammelapis AS,5★,character_art/icons/101000271_s2_rank5_command.png,바람,character_art/elements_equipment/skill_type_8_8.png,지팡이,character_art/elements_equipment/202000000_icon.png,반지,character_art/elements_equipment/216000004_icon.png,2023-02-10
Iphi,4~5★,character_art/icons/101000321_rank5_command.png,"불,그림자","character_art/elements_equipment/skill_type_8_1.png,character_art/elements_equipment/skill_type_8_32.png",지팡이,character_art/elements_equipment/202000000_icon.png,반지,character_art/elements_equipment/216000004_icon.png,2023-01-27
Noble Blossom,5★,character_art/icons/101040181_rank5_command.png,불,character_art/elements_equipment/skill_type_8_1.png,창,character_art/elements_equipment/202000004_icon.png,팔찌,character_art/elements_equipment/216000002_icon.png,2023-01-11
Necoco AS,5★,character_art/icons/101030151_s2_rank5_command.png,땅,character_art/elements_equipment/skill_type_8_2.png,도끼,character_art/elements_equipment/202000003_icon.png,목걸이,character_art/elements_equipment/216000003_icon.png,2022-12-27
Alphen,4~5★,character_art/icons/101450031_rank5_command.png,불,character_art/elements_equipment/skill_type_8_1.png,검,character_art/elements_equipment/202000001_icon.png,팔찌,character_art/elements_equipment/216000002_icon.png,2022-12-20
Colette,4~5★,character_art/icons/101450021_rank5_command.png,무,character_art/elements_equipment/skill_type_8_0.png,지팡이,character_art/elements_equipment/202000000_icon.png,반지,character_art/elements_equipment/216000004_icon.png,2022-12-20
Moonlight Flower,5★,character_art/icons/101010141_rank5_command.png,바람,character_art/elements_equipment/skill_type_8_8.png,검,character_art/elements_equipment/202000001_icon.png,팔찌,character_art/elements_equipment/216000002_icon.png,2022-12-20
Lloyd,4~5★,character_art/icons/101450011_rank5_command.png,불,character_art/elements_equipment/skill_type_8_1.png,도,character_art/elements_equipment/202000002_icon.png,반지,character_art/elements_equipment/216000004_icon.png,2022-12-20
Shionne,4~5★,character_art/icons/101450041_rank5_command.png,불,character_art/elements_equipment/skill_type_8_1.png,활,character_art/elements_equipment/202000005_icon.png,반지,character_art/elements_equipment/216000004_icon.png,2022-12-20
Biaka AS,5★,character_art/icons/101070081_s2_rank5_command.png,물,character_art/elements_equipment/skill_type_8_4.png,망치,character_art/elements_equipment/202000007_icon.png,팔찌,character_art/elements_equipment/216000002_icon.png,2022-12-07
Cynthia AS,5★,character_art/icons/101010101_s2_rank5_command.png,물,character_art/elements_equipment/skill_type_8_4.png,검,character_art/elements_equipment/202000001_icon.png,팔찌,character_art/elements_equipment/216000002_icon.png,2022-11-22
Claude ES,5★,character_art/icons/101050081_s3_rank5_command.png,땅,character_art/elements_equipment/skill_type_8_2.png,검,character_art/elements_equipment/202000001_icon.png,팔찌,character_art/elements_equipment/216000002_icon.png,2022-11-09
Aisha,5★,character_art/icons/101000311_rank5_command.png,"불,바람","character_art/elements_equipment/skill_type_8_1.png,character_art/elements_equipment/skill_type_8_8.png",지팡이,character_art/elements_equipment/202000000_icon.png,반지,character_art/elements_equipment/216000004_icon.png,2022-10-21
Soira AS,5★,character_art/icons/101040021_s2_rank5_command.png,물,character_art/elements_equipment/skill_type_8_4.png,창,character_art/elements_equipment/202000004_icon.png,팔찌,character_art/elements_equipment/216000002_icon.png,2022-10-21
Uquaji,5★,character_art/icons/101060151_rank5_command.png,바람,character_art/elements_equipment/skill_type_8_8.png,주먹,character_art/elements_equipment/202000006_icon.png,목걸이,character_art/elements_equipment/216000003_icon.png,2022-10-11
Yukino AS,5★,character_art/icons/101050131_s2_rank5_command.png,바람,character_art/elements_equipment/skill_type_8_8.png,활,character_art/elements_equipment/202000005_icon.png,반지,character_art/elements_equipment/216000004_icon.png,2022-10-11
Lele AS,5★,character_art/icons/101000101_s2_rank5_command.png,바람,character_art/elements_equipment/skill_type_8_8.png,지팡이,character_art/elements_equipment/202000000_icon.png,반지,character_art/elements_equipment/216000004_icon.png,2022-09-22
Alma,4~5★,character_art/icons/101050171_rank5_command.png,수정,character_art/elements_equipment/skill_type_8_64.png,활,character_art/elements_equipment/202000005_icon.png,반지,character_art/elements_equipment/216000004_icon.png,2022-09-09
Yipha AS,5★,character_art/icons/101070101_s2_rank5_command.png,"물,무","character_art/elements_equipment/skill_type_8_4.png,character_art/elements_equipment/skill_type_8_0.png",망치,character_art/elements_equipment/202000007_icon.png,팔찌,character_art/elements_equipment/216000002_icon.png,2022-08-23
Azami AS,5★,character_art/icons/101020011_s2_rank5_command.png,물,character_art/elements_equipment/skill_type_8_4.png,도,character_art/elements_equipment/202000002_icon.png,반지,character_art/elements_equipment/216000004_icon.png,2022-08-12
Jet Tactician,5★,character_art/icons/101000301_rank5_command.png,불,character_art/elements_equipment/skill_type_8_1.png,지팡이,character_art/elements_equipment/202000000_icon.png,반지,character_art/elements_equipment/216000004_icon.png,2022-08-12
Radias AS,5★,character_art/icons/101010111_s2_rank5_command.png,불,character_art/elements_equipment/skill_type_8_1.png,검,character_art/elements_equipment/202000001_icon.png,팔찌,character_art/elements_equipment/216000002_icon.png,2022-07-25
Miyu ES,5★,character_art/icons/101010041_s3_rank5_command.png,"땅,뇌","character_art/elements_equipment/skill_type_8_2.png,character_art/elements_equipment/skill_type_8_16.png",창,character_art/elements_equipment/202000004_icon.png,팔찌,character_art/elements_equipment/216000002_icon.png,2022-07-08
Noahxis,5★,character_art/icons/101070121_rank5_command.png,물,character_art/elements_equipment/skill_type_8_4.png,망치,character_art/elements_equipment/202000007_icon.png,팔찌,character_art/elements_equipment/216000002_icon.png,2022-07-08
Nona,4~5★,character_art/icons/101050161_rank5_command.png,"바람,그림자","character_art/elements_equipment/skill_type_8_8.png,character_art/elements_equipment/skill_type_8_32.png",활,character_art/elements_equipment/202000005_icon.png,반지,character_art/elements_equipment/216000004_icon.png,2022-07-08
Orleya,4~5★,character_art/icons/101030171_rank5_command.png,"불,뇌","character_art/elements_equipment/skill_type_8_1.png,character_art/elements_equipment/skill_type_8_16.png",도끼,character_art/elements_equipment/202000003_icon.png,목걸이,character_art/elements_equipment/216000003_icon.png,2022-07-08
Milsha AS,5★,character_art/icons/101040131_s2_rank5_command.png,"땅,그림자","character_art/elements_equipment/skill_type_8_2.png,character_art/elements_equipment/skill_type_8_32.png",창,character_art/elements_equipment/202000004_icon.png,팔찌,character_art/elements_equipment/216000002_icon.png,2022-06-14
Philo AS,5★,character_art/icons/101030111_s2_rank5_command.png,바람,character_art/elements_equipment/skill_type_8_8.png,도끼,character_art/elements_equipment/202000003_icon.png,목걸이,character_art/elements_equipment/216000003_icon.png,2022-06-06
Otoha AS,5★,character_art/icons/101020041_s2_rank5_command.png,땅,character_art/elements_equipment/skill_type_8_2.png,도,character_art/elements_equipment/202000002_icon.png,반지,character_art/elements_equipment/216000004_icon.png,2022-05-27
Mayu,5★,character_art/icons/101000291_rank5_command.png,바람,character_art/elements_equipment/skill_type_8_8.png,지팡이,character_art/elements_equipment/202000000_icon.png,반지,character_art/elements_equipment/216000004_icon.png,2022-05-19
Suzette ES,5★,character_art/icons/101040031_s3_rank5_command.png,불,character_art/elements_equipment/skill_type_8_1.png,망치,character_art/elements_equipment/202000007_icon.png,팔찌,character_art/elements_equipment/216000002_icon.png,2022-05-19
Silver Striker,5★,character_art/icons/101050151_rank5_command.png,"바람,뇌","character_art/elements_equipment/skill_type_8_8.png,character_art/elements_equipment/skill_type_8_16.png",활,character_art/elements_equipment/202000005_icon.png,반지,character_art/elements_equipment/216000004_icon.png,2022-04-27
Starky,5★,character_art/icons/101440051_rank5_command.png,수정,character_art/elements_equipment/skill_type_8_64.png,지팡이,character_art/elements_equipment/202000000_icon.png,반지,character_art/elements_equipment/216000004_icon.png,2022-04-27
Violet Lancer,5★,character_art/icons/101040171_rank5_command.png,땅,character_art/elements_equipment/skill_type_8_2.png,창,character_art/elements_equipment/202000004_icon.png,팔찌,character_art/elements_equipment/216000002_icon.png,2022-04-15
Flammelapis,4~5★,character_art/icons/101000271_rank5_command.png,바람,character_art/elements_equipment/skill_type_8_8.png,지팡이,character_art/elements_equipment/202000000_icon.png,반지,character_art/elements_equipment/216000004_icon.png,2022-04-07
Mistrare AS,5★,character_art/icons/101050121_s2_rank5_command.png,"물,수정","character_art/elements_equipment/skill_type_8_4.png,character_art/elements_equipment/skill_type_8_64.png",활,character_art/elements_equipment/202000005_icon.png,반지,character_art/elements_equipment/216000004_icon.png,2022-03-28
Cyan Scyther,5★,character_art/icons/101030161_rank5_command.png,물,character_art/elements_equipment/skill_type_8_4.png,도끼,character_art/elements_equipment/202000003_icon.png,목걸이,character_art/elements_equipment/216000003_icon.png,2022-03-16
Red Clad Flam.,5★,character_art/icons/101060141_rank5_command.png,"불,수정","character_art/elements_equipment/skill_type_8_1.png,character_art/elements_equipment/skill_type_8_64.png",주먹,character_art/elements_equipment/202000006_icon.png,목걸이,character_art/elements_equipment/216000003_icon.png,2022-02-25
Zeviro AS,5★,character_art/icons/101030131_s2_rank5_command.png,바람,character_art/elements_equipment/skill_type_8_8.png,도끼,character_art/elements_equipment/202000003_icon.png,목걸이,character_art/elements_equipment/216000003_icon.png,2022-02-15
Black Clad Sw.,5★,character_art/icons/101020141_rank5_command.png,"땅,그림자","character_art/elements_equipment/skill_type_8_2.png,character_art/elements_equipment/skill_type_8_32.png",도,character_art/elements_equipment/202000002_icon.png,반지,character_art/elements_equipment/216000004_icon.png,2022-02-07
Eva,4~5★ SA,character_art/icons/101000281_rank5_command.png,"바람,수정","character_art/elements_equipment/skill_type_8_8.png,character_art/elements_equipment/skill_type_8_64.png",지팡이,character_art/elements_equipment/202000000_icon.png,반지,character_art/elements_equipment/216000004_icon.png,2022-01-28
Curio,4~5★,character_art/icons/101020151_rank5_command.png,"물,그림자","character_art/elements_equipment/skill_type_8_4.png,character_art/elements_equipment/skill_type_8_32.png",도,character_art/elements_equipment/202000002_icon.png,반지,character_art/elements_equipment/216000004_icon.png,2022-01-19
Isuka ES,5★,character_art/icons/101020071_s3_rank5_command.png,"불,그림자","character_art/elements_equipment/skill_type_8_1.png,character_art/elements_equipment/skill_type_8_32.png",검,character_art/elements_equipment/202000001_icon.png,팔찌,character_art/elements_equipment/216000002_icon.png,2022-01-19
Daisy,4~5★,character_art/icons/101070111_rank5_command.png,땅,character_art/elements_equipment/skill_type_8_2.png,망치,character_art/elements_equipment/202000007_icon.png,팔찌,character_art/elements_equipment/216000002_icon.png,2022-01-07
Levia AS,5★,character_art/icons/101000201_s2_rank5_command.png,바람,character_art/elements_equipment/skill_type_8_8.png,지팡이,character_art/elements_equipment/202000000_icon.png,반지,character_art/elements_equipment/216000004_icon.png,2021-12-17
Nagi ES,5★,character_art/icons/101030071_s3_rank5_command.png,"바람,수정","character_art/elements_equipment/skill_type_8_8.png,character_art/elements_equipment/skill_type_8_64.png",지팡이,character_art/elements_equipment/202000000_icon.png,반지,character_art/elements_equipment/216000004_icon.png,2021-12-17
Harle,4~5★,character_art/icons/101440031_rank5_command.png,"불,그림자","character_art/elements_equipment/skill_type_8_1.png,character_art/elements_equipment/skill_type_8_32.png",지팡이,character_art/elements_equipment/202000000_icon.png,반지,character_art/elements_equipment/216000004_icon.png,2021-12-09
Kid,4~5★,character_art/icons/101440021_rank5_command.png,불,character_art/elements_equipment/skill_type_8_1.png,도,character_art/elements_equipment/202000002_icon.png,반지,character_art/elements_equipment/216000004_icon.png,2021-12-09
Kikyo AS,5★,character_art/icons/101030121_s2_rank5_command.png,물,character_art/elements_equipment/skill_type_8_4.png,도끼,character_art/elements_equipment/202000003_icon.png,목걸이,character_art/elements_equipment/216000003_icon.png,2021-12-09
Serge,4~5★,character_art/icons/101440011_rank5_command.png,무,character_art/elements_equipment/skill_type_8_0.png,검,character_art/elements_equipment/202000001_icon.png,팔찌,character_art/elements_equipment/216000002_icon.png,2021-12-09
Pizzica,4~5★,character_art/icons/101050141_rank5_command.png,불,character_art/elements_equipment/skill_type_8_1.png,활,character_art/elements_equipment/202000005_icon.png,반지,character_art/elements_equipment/216000004_icon.png,2021-11-17
Sheila AS,5★,character_art/icons/101040081_s2_rank5_command.png,바람,character_art/elements_equipment/skill_type_8_8.png,창,character_art/elements_equipment/202000004_icon.png,팔찌,character_art/elements_equipment/216000002_icon.png,2021-11-17
Hardy AS,5★,character_art/icons/101060131_s2_rank5_command.png,불,character_art/elements_equipment/skill_type_8_1.png,주먹,character_art/elements_equipment/202000006_icon.png,목걸이,character_art/elements_equipment/216000003_icon.png,2021-11-04
Chiyo AS,5★,character_art/icons/101000191_s2_rank5_command.png,땅,character_art/elements_equipment/skill_type_8_2.png,지팡이,character_art/elements_equipment/202000000_icon.png,반지,character_art/elements_equipment/216000004_icon.png,2021-10-18
Victor AS,5★,character_art/icons/101020111_s2_rank5_command.png,"물,뇌","character_art/elements_equipment/skill_type_8_4.png,character_art/elements_equipment/skill_type_8_16.png",도,character_art/elements_equipment/202000002_icon.png,반지,character_art/elements_equipment/216000004_icon.png,2021-09-17
Myunfa AS,5★,character_art/icons/101070091_s2_rank5_command.png,땅,character_art/elements_equipment/skill_type_8_2.png,망치,character_art/elements_equipment/202000007_icon.png,팔찌,character_art/elements_equipment/216000002_icon.png,2021-09-06
Garambarrel,4~5★,character_art/icons/101040161_rank5_command.png,물,character_art/elements_equipment/skill_type_8_4.png,창,character_art/elements_equipment/202000004_icon.png,팔찌,character_art/elements_equipment/216000002_icon.png,2021-08-27
Necoco,4~5★,character_art/icons/101030151_rank5_command.png,땅,character_art/elements_equipment/skill_type_8_2.png,도끼,character_art/elements_equipment/202000003_icon.png,목걸이,character_art/elements_equipment/216000003_icon.png,2021-08-18
Tsukiha ES,5★,character_art/icons/101020081_s3_rank5_command.png,물,character_art/elements_equipment/skill_type_8_4.png,활,character_art/elements_equipment/202000005_icon.png,반지,character_art/elements_equipment/216000004_icon.png,2021-08-18
Tsubame AS,5★,character_art/icons/101060111_s2_rank5_command.png,땅,character_art/elements_equipment/skill_type_8_2.png,주먹,character_art/elements_equipment/202000006_icon.png,목걸이,character_art/elements_equipment/216000003_icon.png,2021-08-06
Melody,4~5★,character_art/icons/101000141_rank5_command.png,물,character_art/elements_equipment/skill_type_8_4.png,지팡이,character_art/elements_equipment/202000000_icon.png,반지,character_art/elements_equipment/216000004_icon.png,2021-07-27
Clarte AS,5★,character_art/icons/101000261_s2_rank5_command.png,"땅,수정","character_art/elements_equipment/skill_type_8_2.png,character_art/elements_equipment/skill_type_8_64.png",지팡이,character_art/elements_equipment/202000000_icon.png,반지,character_art/elements_equipment/216000004_icon.png,2021-07-15
Thillelille AS,5★,character_art/icons/101010121_s2_rank5_command.png,"불,그림자","character_art/elements_equipment/skill_type_8_1.png,character_art/elements_equipment/skill_type_8_32.png",검,character_art/elements_equipment/202000001_icon.png,팔찌,character_art/elements_equipment/216000002_icon.png,2021-07-15
Tiramisu AS,5★,character_art/icons/101040121_s2_rank5_command.png,땅,character_art/elements_equipment/skill_type_8_2.png,창,character_art/elements_equipment/202000004_icon.png,팔찌,character_art/elements_equipment/216000002_icon.png,2021-07-06
Shigure AS,5★,character_art/icons/101020101_s2_rank5_command.png,바람,character_art/elements_equipment/skill_type_8_8.png,도,character_art/elements_equipment/202000002_icon.png,반지,character_art/elements_equipment/216000004_icon.png,2021-06-17
Melina ES,5★,character_art/icons/101070061_s3_rank5_command.png,"바람,뇌","character_art/elements_equipment/skill_type_8_8.png,character_art/elements_equipment/skill_type_8_16.png",주먹,character_art/elements_equipment/202000006_icon.png,목걸이,character_art/elements_equipment/216000003_icon.png,2021-06-07
Dunarith AS,5★,character_art/icons/101000251_s2_rank5_command.png,물,character_art/elements_equipment/skill_type_8_4.png,지팡이,character_art/elements_equipment/202000000_icon.png,반지,character_art/elements_equipment/216000004_icon.png,2021-05-26
Ewella,4~5★,character_art/icons/101040141_rank5_command.png,"바람,수정","character_art/elements_equipment/skill_type_8_8.png,character_art/elements_equipment/skill_type_8_64.png",창,character_art/elements_equipment/202000004_icon.png,팔찌,character_art/elements_equipment/216000002_icon.png,2021-05-19
Miyu AS,5★,character_art/icons/101010041_s2_rank5_command.png,불,character_art/elements_equipment/skill_type_8_1.png,검,character_art/elements_equipment/202000001_icon.png,팔찌,character_art/elements_equipment/216000002_icon.png,2021-05-11
Radica AS,5★,character_art/icons/101000171_s2_rank5_command.png,불,character_art/elements_equipment/skill_type_8_1.png,지팡이,character_art/elements_equipment/202000000_icon.png,반지,character_art/elements_equipment/216000004_icon.png,2021-04-28
Hismena AS,5★,character_art/icons/101040111_s2_rank5_command.png,바람,character_art/elements_equipment/skill_type_8_8.png,창,character_art/elements_equipment/202000004_icon.png,팔찌,character_art/elements_equipment/216000002_icon.png,2021-04-20
Milsha,4~5★,character_art/icons/101040131_rank5_command.png,"땅,그림자","character_art/elements_equipment/skill_type_8_2.png,character_art/elements_equipment/skill_type_8_32.png",창,character_art/elements_equipment/202000004_icon.png,팔찌,character_art/elements_equipment/216000002_icon.png,2021-04-09
Ewan AS,5★,character_art/icons/101070051_s2_rank5_command.png,불,character_art/elements_equipment/skill_type_8_1.png,망치,character_art/elements_equipment/202000007_icon.png,팔찌,character_art/elements_equipment/216000002_icon.png,2021-03-30
Ilulu AS,5★,character_art/icons/101030101_s2_rank5_command.png,물,character_art/elements_equipment/skill_type_8_4.png,도끼,character_art/elements_equipment/202000003_icon.png,목걸이,character_art/elements_equipment/216000003_icon.png,2021-03-22
Hozuki AS,5★,character_art/icons/101050091_s2_rank5_command.png,불,character_art/elements_equipment/skill_type_8_1.png,활,character_art/elements_equipment/202000005_icon.png,반지,character_art/elements_equipment/216000004_icon.png,2021-03-10
Rosetta AS,5★,character_art/icons/101000241_s2_rank5_command.png,불,character_art/elements_equipment/skill_type_8_1.png,지팡이,character_art/elements_equipment/202000000_icon.png,반지,character_art/elements_equipment/216000004_icon.png,2021-02-10
Melissa,4~5★ SA,character_art/icons/101020131_rank5_command.png,"물,수정","character_art/elements_equipment/skill_type_8_4.png,character_art/elements_equipment/skill_type_8_64.png",도,character_art/elements_equipment/202000002_icon.png,반지,character_art/elements_equipment/216000004_icon.png,2021-01-29
Heena,4~5★,character_art/icons/101020121_rank5_command.png,물,character_art/elements_equipment/skill_type_8_4.png,도,character_art/elements_equipment/202000002_icon.png,반지,character_art/elements_equipment/216000004_icon.png,2021-01-20
Yukino,4~5★,character_art/icons/101050131_rank5_command.png,바람,character_art/elements_equipment/skill_type_8_8.png,활,character_art/elements_equipment/202000005_icon.png,반지,character_art/elements_equipment/216000004_icon.png,2021-01-12
Tsukiha AS,5★,character_art/icons/101020081_s2_rank5_command.png,불,character_art/elements_equipment/skill_type_8_1.png,도,character_art/elements_equipment/202000002_icon.png,반지,character_art/elements_equipment/216000004_icon.png,2020-12-25
Bertrand AS,5★,character_art/icons/101040101_s2_rank5_command.png,땅,character_art/elements_equipment/skill_type_8_2.png,창,character_art/elements_equipment/202000004_icon.png,팔찌,character_art/elements_equipment/216000002_icon.png,2020-12-17
Cress,4~5★,character_art/icons/101430011_rank5_command.png,"무,불","character_art/elements_equipment/skill_type_8_0.png,character_art/elements_equipment/skill_type_8_1.png",검,character_art/elements_equipment/202000001_icon.png,팔찌,character_art/elements_equipment/216000002_icon.png,2020-12-17
Milla,4~5★,character_art/icons/101430031_rank5_command.png,"무,바람","character_art/elements_equipment/skill_type_8_0.png,character_art/elements_equipment/skill_type_8_8.png",검,character_art/elements_equipment/202000001_icon.png,팔찌,character_art/elements_equipment/216000002_icon.png,2020-12-17
Velvet,4~5★,character_art/icons/101430041_rank5_command.png,땅,character_art/elements_equipment/skill_type_8_2.png,검,character_art/elements_equipment/202000001_icon.png,팔찌,character_art/elements_equipment/216000002_icon.png,2020-12-17
Yuri,4~5★,character_art/icons/101430021_rank5_command.png,물,character_art/elements_equipment/skill_type_8_4.png,도,character_art/elements_equipment/202000002_icon.png,반지,character_art/elements_equipment/216000004_icon.png,2020-12-17
Clarte,4~5★,character_art/icons/101000261_rank5_command.png,"땅,수정","character_art/elements_equipment/skill_type_8_2.png,character_art/elements_equipment/skill_type_8_64.png",지팡이,character_art/elements_equipment/202000000_icon.png,반지,character_art/elements_equipment/216000004_icon.png,2020-11-25
Mistrare,4~5★,character_art/icons/101050121_rank5_command.png,"물,수정","character_art/elements_equipment/skill_type_8_4.png,character_art/elements_equipment/skill_type_8_64.png",활,character_art/elements_equipment/202000005_icon.png,반지,character_art/elements_equipment/216000004_icon.png,2020-11-25
Skull,5★,character_art/icons/101400011_rank5_command.png,뇌,character_art/elements_equipment/skill_type_8_16.png,망치,character_art/elements_equipment/202000007_icon.png,팔찌,character_art/elements_equipment/216000002_icon.png,2020-11-17
Victor,4~5★,character_art/icons/101020111_rank5_command.png,"물,뇌","character_art/elements_equipment/skill_type_8_4.png,character_art/elements_equipment/skill_type_8_16.png",도,character_art/elements_equipment/202000002_icon.png,반지,character_art/elements_equipment/216000004_icon.png,2020-11-17
Violet,5★,character_art/icons/101400071_rank5_command.png,땅,character_art/elements_equipment/skill_type_8_2.png,검,character_art/elements_equipment/202000001_icon.png,팔찌,character_art/elements_equipment/216000002_icon.png,2020-11-17
Foran AS,5★,character_art/icons/101040051_s2_rank5_command.png,바람,character_art/elements_equipment/skill_type_8_8.png,창,character_art/elements_equipment/202000004_icon.png,팔찌,character_art/elements_equipment/216000002_icon.png,2020-11-05
Thillelille,4~5★,character_art/icons/101010121_rank5_command.png,"불,그림자","character_art/elements_equipment/skill_type_8_1.png,character_art/elements_equipment/skill_type_8_32.png",검,character_art/elements_equipment/202000001_icon.png,팔찌,character_art/elements_equipment/216000002_icon.png,2020-11-05
Ciel AS,5★,character_art/icons/101050021_s2_rank5_command.png,땅,character_art/elements_equipment/skill_type_8_2.png,활,character_art/elements_equipment/202000005_icon.png,반지,character_art/elements_equipment/216000004_icon.png,2020-10-27
Yipha,4~5★,character_art/icons/101070101_rank5_command.png,물,character_art/elements_equipment/skill_type_8_4.png,망치,character_art/elements_equipment/202000007_icon.png,팔찌,character_art/elements_equipment/216000002_icon.png,2020-10-14
Shannon AS,5★,character_art/icons/101010091_s2_rank5_command.png,물,character_art/elements_equipment/skill_type_8_4.png,검,character_art/elements_equipment/202000001_icon.png,팔찌,character_art/elements_equipment/216000002_icon.png,2020-09-30
Hardy,4~5★,character_art/icons/101060131_rank5_command.png,불,character_art/elements_equipment/skill_type_8_1.png,주먹,character_art/elements_equipment/202000006_icon.png,목걸이,character_art/elements_equipment/216000003_icon.png,2020-09-17
Sophia,2~5★,character_art/icons/101030141_rank5_command.png,"무,바람","character_art/elements_equipment/skill_type_8_0.png,character_art/elements_equipment/skill_type_8_8.png",도끼,character_art/elements_equipment/202000003_icon.png,목걸이,character_art/elements_equipment/216000003_icon.png,2020-09-17
Cynthia,4~5★,character_art/icons/101010101_rank5_command.png,물,character_art/elements_equipment/skill_type_8_4.png,검,character_art/elements_equipment/202000001_icon.png,팔찌,character_art/elements_equipment/216000002_icon.png,2020-09-09
Veina AS,5★,character_art/icons/101000011_s2_rank5_command.png,물,character_art/elements_equipment/skill_type_8_4.png,지팡이,character_art/elements_equipment/202000000_icon.png,반지,character_art/elements_equipment/216000004_icon.png,2020-08-31
Zeviro,4~5★,character_art/icons/101030131_rank5_command.png,바람,character_art/elements_equipment/skill_type_8_8.png,도끼,character_art/elements_equipment/202000003_icon.png,목걸이,character_art/elements_equipment/216000003_icon.png,2020-08-20
Anabel AS,5★,character_art/icons/101010011_s2_rank5_command.png,바람,character_art/elements_equipment/skill_type_8_8.png,검,character_art/elements_equipment/202000001_icon.png,팔찌,character_art/elements_equipment/216000002_icon.png,2020-08-06
Radias,4~5★,character_art/icons/101010111_rank5_command.png,불,character_art/elements_equipment/skill_type_8_1.png,검,character_art/elements_equipment/202000001_icon.png,팔찌,character_art/elements_equipment/216000002_icon.png,2020-07-28
Myrus AS,5★,character_art/icons/101000221_s2_rank5_command.png,땅,character_art/elements_equipment/skill_type_8_2.png,지팡이,character_art/elements_equipment/202000000_icon.png,반지,character_art/elements_equipment/216000004_icon.png,2020-07-17
Renri AS,5★,character_art/icons/101030091_s2_rank5_command.png,불,character_art/elements_equipment/skill_type_8_1.png,도끼,character_art/elements_equipment/202000003_icon.png,목걸이,character_art/elements_equipment/216000003_icon.png,2020-07-09
Tiramisu,4~5★ SA,character_art/icons/101040121_rank5_command.png,땅,character_art/elements_equipment/skill_type_8_2.png,창,character_art/elements_equipment/202000004_icon.png,팔찌,character_art/elements_equipment/216000002_icon.png,2020-07-01
Elga AS,5★,character_art/icons/101020091_s2_rank5_command.png,땅,character_art/elements_equipment/skill_type_8_2.png,도,character_art/elements_equipment/202000002_icon.png,반지,character_art/elements_equipment/216000004_icon.png,2020-06-18
Felmina AS,5★,character_art/icons/101060091_s2_rank5_command.png,물,character_art/elements_equipment/skill_type_8_4.png,주먹,character_art/elements_equipment/202000006_icon.png,목걸이,character_art/elements_equipment/216000003_icon.png,2020-05-29
Myunfa,4~5★,character_art/icons/101070091_rank5_command.png,땅,character_art/elements_equipment/skill_type_8_2.png,망치,character_art/elements_equipment/202000007_icon.png,팔찌,character_art/elements_equipment/216000002_icon.png,2020-05-20
Cetie AS,5★,character_art/icons/101040091_s2_rank5_command.png,불,character_art/elements_equipment/skill_type_8_1.png,창,character_art/elements_equipment/202000004_icon.png,팔찌,character_art/elements_equipment/216000002_icon.png,2020-05-12
Altena,5★,character_art/icons/101800111_rank5_command.png,무,character_art/elements_equipment/skill_type_8_0.png,활,character_art/elements_equipment/202000005_icon.png,반지,character_art/elements_equipment/216000004_icon.png,2020-04-24
Kikyo,4~5★,character_art/icons/101030121_rank5_command.png,물,character_art/elements_equipment/skill_type_8_4.png,도끼,character_art/elements_equipment/202000003_icon.png,목걸이,character_art/elements_equipment/216000003_icon.png,2020-04-24
Nikeh AS,5★,character_art/icons/101020021_s2_rank5_command.png,바람,character_art/elements_equipment/skill_type_8_8.png,도,character_art/elements_equipment/202000002_icon.png,반지,character_art/elements_equipment/216000004_icon.png,2020-04-24
Strawboy,5★,character_art/icons/101100041_rank5_command.png,무,character_art/elements_equipment/skill_type_8_0.png,주먹,character_art/elements_equipment/202000006_icon.png,목걸이,character_art/elements_equipment/216000003_icon.png,2020-04-24
Strawboy,5★,character_art/icons/101110041_rank5_command.png,무,character_art/elements_equipment/skill_type_8_0.png,주먹,character_art/elements_equipment/202000006_icon.png,목걸이,character_art/elements_equipment/216000003_icon.png,2020-04-24
Strawboy,5★,character_art/icons/101160041_rank5_command.png,무,character_art/elements_equipment/skill_type_8_0.png,주먹,character_art/elements_equipment/202000006_icon.png,목걸이,character_art/elements_equipment/216000003_icon.png,2020-04-24
Strawboy,5★,character_art/icons/101140041_rank5_command.png,무,character_art/elements_equipment/skill_type_8_0.png,주먹,character_art/elements_equipment/202000006_icon.png,목걸이,character_art/elements_equipment/216000003_icon.png,2020-04-24
Strawboy,5★,character_art/icons/101170041_rank5_command.png,무,character_art/elements_equipment/skill_type_8_0.png,주먹,character_art/elements_equipment/202000006_icon.png,목걸이,character_art/elements_equipment/216000003_icon.png,2020-04-24
Claude AS,5★,character_art/icons/101050081_s2_rank5_command.png,물,character_art/elements_equipment/skill_type_8_4.png,활,character_art/elements_equipment/202000005_icon.png,반지,character_art/elements_equipment/216000004_icon.png,2020-04-14
Premaya,4~5★,character_art/icons/101050111_rank5_command.png,땅,character_art/elements_equipment/skill_type_8_2.png,활,character_art/elements_equipment/202000005_icon.png,반지,character_art/elements_equipment/216000004_icon.png,2020-04-02
Gariyu AS,5★,character_art/icons/101000081_s2_rank5_command.png,불,character_art/elements_equipment/skill_type_8_1.png,지팡이,character_art/elements_equipment/202000000_icon.png,반지,character_art/elements_equipment/216000004_icon.png,2020-03-24
Yuna AS,5★,character_art/icons/101000121_s2_rank5_command.png,바람,character_art/elements_equipment/skill_type_8_8.png,지팡이,character_art/elements_equipment/202000000_icon.png,반지,character_art/elements_equipment/216000004_icon.png,2020-03-24
Shanie AS,5★,character_art/icons/101010081_s2_rank5_command.png,바람,character_art/elements_equipment/skill_type_8_8.png,검,character_art/elements_equipment/202000001_icon.png,팔찌,character_art/elements_equipment/216000002_icon.png,2020-03-11
Ruina AS,5★,character_art/icons/101010031_s2_rank5_command.png,물,character_art/elements_equipment/skill_type_8_4.png,검,character_art/elements_equipment/202000001_icon.png,팔찌,character_art/elements_equipment/216000002_icon.png,2020-03-03
Hismena,4~5★ SA,character_art/icons/101040111_rank5_command.png,바람,character_art/elements_equipment/skill_type_8_8.png,창,character_art/elements_equipment/202000004_icon.png,팔찌,character_art/elements_equipment/216000002_icon.png,2020-02-21
Mana,5★,character_art/icons/101050101_rank5_command.png,무,character_art/elements_equipment/skill_type_8_0.png,활,character_art/elements_equipment/202000005_icon.png,반지,character_art/elements_equipment/216000004_icon.png,2020-02-21
Mariel AS,5★,character_art/icons/101000031_s2_rank5_command.png,무,character_art/elements_equipment/skill_type_8_0.png,지팡이,character_art/elements_equipment/202000000_icon.png,반지,character_art/elements_equipment/216000004_icon.png,2020-02-21
Dunarith,4~5★,character_art/icons/101000251_rank5_command.png,물,character_art/elements_equipment/skill_type_8_4.png,지팡이,character_art/elements_equipment/202000000_icon.png,반지,character_art/elements_equipment/216000004_icon.png,2020-02-10
Lokido AS,5★,character_art/icons/101060031_s2_rank5_command.png,땅,character_art/elements_equipment/skill_type_8_2.png,주먹,character_art/elements_equipment/202000006_icon.png,목걸이,character_art/elements_equipment/216000003_icon.png,2020-01-29
Lovely,4~5★,character_art/icons/101060121_rank5_command.png,불,character_art/elements_equipment/skill_type_8_1.png,주먹,character_art/elements_equipment/202000006_icon.png,목걸이,character_art/elements_equipment/216000003_icon.png,2020-01-22
Philo,4~5★,character_art/icons/101030111_rank5_command.png,바람,character_art/elements_equipment/skill_type_8_8.png,도끼,character_art/elements_equipment/202000003_icon.png,목걸이,character_art/elements_equipment/216000003_icon.png,2020-01-10
Nagi AS,5★,character_art/icons/101030071_s2_rank5_command.png,땅,character_art/elements_equipment/skill_type_8_2.png,도끼,character_art/elements_equipment/202000003_icon.png,목걸이,character_art/elements_equipment/216000003_icon.png,2019-12-28
Akane AS,5★,character_art/icons/101020051_s2_rank5_command.png,불,character_art/elements_equipment/skill_type_8_1.png,도,character_art/elements_equipment/202000002_icon.png,반지,character_art/elements_equipment/216000004_icon.png,2019-12-19
Joker,4~5★,character_art/icons/101410011_rank5_command.png,"무,불","character_art/elements_equipment/skill_type_8_0.png,character_art/elements_equipment/skill_type_8_1.png",검,character_art/elements_equipment/202000001_icon.png,팔찌,character_art/elements_equipment/216000002_icon.png,2019-12-12
Morgana,5★,character_art/icons/101420011_rank5_command.png,물,character_art/elements_equipment/skill_type_8_4.png,검,character_art/elements_equipment/202000001_icon.png,팔찌,character_art/elements_equipment/216000002_icon.png,2019-12-12
Rosetta,4~5★,character_art/icons/101000241_rank5_command.png,불,character_art/elements_equipment/skill_type_8_1.png,지팡이,character_art/elements_equipment/202000000_icon.png,반지,character_art/elements_equipment/216000004_icon.png,2019-12-12
Shigure,4~5★,character_art/icons/101020101_rank5_command.png,바람,character_art/elements_equipment/skill_type_8_8.png,도,character_art/elements_equipment/202000002_icon.png,반지,character_art/elements_equipment/216000004_icon.png,2019-12-05
Tsubame,4~5★,character_art/icons/101060111_rank5_command.png,땅,character_art/elements_equipment/skill_type_8_2.png,주먹,character_art/elements_equipment/202000006_icon.png,목걸이,character_art/elements_equipment/216000003_icon.png,2019-12-05
Melina AS,5★,character_art/icons/101070061_s2_rank5_command.png,바람,character_art/elements_equipment/skill_type_8_8.png,망치,character_art/elements_equipment/202000007_icon.png,팔찌,character_art/elements_equipment/216000002_icon.png,2019-11-27
Biaka,4~5★,character_art/icons/101070081_rank5_command.png,물,character_art/elements_equipment/skill_type_8_4.png,망치,character_art/elements_equipment/202000007_icon.png,팔찌,character_art/elements_equipment/216000002_icon.png,2019-11-14
Galliard,4~5★ SA,character_art/icons/101800063_rank5_command.png,땅,character_art/elements_equipment/skill_type_8_2.png,창,character_art/elements_equipment/202000004_icon.png,팔찌,character_art/elements_equipment/216000002_icon.png,2019-11-14
Hozuki,4~5★,character_art/icons/101050091_rank5_command.png,불,character_art/elements_equipment/skill_type_8_1.png,활,character_art/elements_equipment/202000005_icon.png,반지,character_art/elements_equipment/216000004_icon.png,2019-11-08
Laclair AS,5★,character_art/icons/101050061_s2_rank5_command.png,바람,character_art/elements_equipment/skill_type_8_8.png,활,character_art/elements_equipment/202000005_icon.png,반지,character_art/elements_equipment/216000004_icon.png,2019-10-31
Ilulu,4~5★,character_art/icons/101030101_rank5_command.png,물,character_art/elements_equipment/skill_type_8_4.png,도끼,character_art/elements_equipment/202000003_icon.png,목걸이,character_art/elements_equipment/216000003_icon.png,2019-10-25
Radica,4~5★,character_art/icons/101000171_rank5_command.png,불,character_art/elements_equipment/skill_type_8_1.png,지팡이,character_art/elements_equipment/202000000_icon.png,반지,character_art/elements_equipment/216000004_icon.png,2019-10-25
Nopaew,2~4★,character_art/icons/101070071_command.png,물,character_art/elements_equipment/skill_type_8_4.png,망치,character_art/elements_equipment/202000007_icon.png,팔찌,character_art/elements_equipment/216000002_icon.png,2019-10-25
Dewey,4~5★,character_art/icons/101060101_rank5_command.png,바람,character_art/elements_equipment/skill_type_8_8.png,주먹,character_art/elements_equipment/202000006_icon.png,목걸이,character_art/elements_equipment/216000003_icon.png,2019-10-15
Shion AS,5★,character_art/icons/101020031_s2_rank5_command.png,불,character_art/elements_equipment/skill_type_8_1.png,도,character_art/elements_equipment/202000002_icon.png,반지,character_art/elements_equipment/216000004_icon.png,2019-10-15
Veina,4~5★,character_art/icons/101000011_rank5_command.png,물,character_art/elements_equipment/skill_type_8_4.png,지팡이,character_art/elements_equipment/202000000_icon.png,반지,character_art/elements_equipment/216000004_icon.png,2019-10-03
Elga,4~5★,character_art/icons/101020091_rank5_command.png,땅,character_art/elements_equipment/skill_type_8_2.png,도,character_art/elements_equipment/202000002_icon.png,반지,character_art/elements_equipment/216000004_icon.png,2019-09-27
Toova AS,5★,character_art/icons/101000051_s2_rank5_command.png,땅,character_art/elements_equipment/skill_type_8_2.png,지팡이,character_art/elements_equipment/202000000_icon.png,반지,character_art/elements_equipment/216000004_icon.png,2019-09-27
Renri,4~5★ SA,character_art/icons/101030091_rank5_command.png,"무,불","character_art/elements_equipment/skill_type_8_0.png,character_art/elements_equipment/skill_type_8_1.png",도끼,character_art/elements_equipment/202000003_icon.png,목걸이,character_art/elements_equipment/216000003_icon.png,2019-09-20
Shannon,4~5★,character_art/icons/101010091_rank5_command.png,물,character_art/elements_equipment/skill_type_8_4.png,검,character_art/elements_equipment/202000001_icon.png,팔찌,character_art/elements_equipment/216000002_icon.png,2019-09-20
Isuka AS,5★,character_art/icons/101020071_s2_rank5_command.png,물,character_art/elements_equipment/skill_type_8_4.png,도,character_art/elements_equipment/202000002_icon.png,반지,character_art/elements_equipment/216000004_icon.png,2019-09-13
Saki AS,5★,character_art/icons/101000231_s2_rank5_command.png,바람,character_art/elements_equipment/skill_type_8_8.png,지팡이,character_art/elements_equipment/202000000_icon.png,반지,character_art/elements_equipment/216000004_icon.png,2019-09-13
Claude,4~5★,character_art/icons/101050081_rank5_command.png,물,character_art/elements_equipment/skill_type_8_4.png,활,character_art/elements_equipment/202000005_icon.png,반지,character_art/elements_equipment/216000004_icon.png,2019-08-30
Mighty AS,5★,character_art/icons/101000041_s2_rank5_command.png,바람,character_art/elements_equipment/skill_type_8_8.png,지팡이,character_art/elements_equipment/202000000_icon.png,반지,character_art/elements_equipment/216000004_icon.png,2019-08-30
Saki,2~4★,character_art/icons/101000231_command.png,바람,character_art/elements_equipment/skill_type_8_8.png,지팡이,character_art/elements_equipment/202000000_icon.png,반지,character_art/elements_equipment/216000004_icon.png,2019-08-30
Tsukiha,4~5★ SA,character_art/icons/101020081_rank5_command.png,불,character_art/elements_equipment/skill_type_8_1.png,도,character_art/elements_equipment/202000002_icon.png,반지,character_art/elements_equipment/216000004_icon.png,2019-08-19
Bertrand,4~5★ SA,character_art/icons/101040101_rank5_command.png,"무,땅","character_art/elements_equipment/skill_type_8_0.png,character_art/elements_equipment/skill_type_8_2.png",창,character_art/elements_equipment/202000004_icon.png,팔찌,character_art/elements_equipment/216000002_icon.png,2019-08-07
Felmina,4~5★,character_art/icons/101060091_rank5_command.png,물,character_art/elements_equipment/skill_type_8_4.png,주먹,character_art/elements_equipment/202000006_icon.png,목걸이,character_art/elements_equipment/216000003_icon.png,2019-08-07
Guildna,4~5★,character_art/icons/101800041_rank5_command.png,"무,불","character_art/elements_equipment/skill_type_8_0.png,character_art/elements_equipment/skill_type_8_1.png",검,character_art/elements_equipment/202000001_icon.png,팔찌,character_art/elements_equipment/216000002_icon.png,2019-07-31
Suzette AS,5★,character_art/icons/101040031_s2_rank5_command.png,물,character_art/elements_equipment/skill_type_8_4.png,창,character_art/elements_equipment/202000004_icon.png,팔찌,character_art/elements_equipment/216000002_icon.png,2019-07-31
Myrus,4~5★ SA,character_art/icons/101000221_rank5_command.png,땅,character_art/elements_equipment/skill_type_8_2.png,지팡이,character_art/elements_equipment/202000000_icon.png,반지,character_art/elements_equipment/216000004_icon.png,2019-07-24
Good Macky,4★,character_art/icons/101060061_command.png,물,character_art/elements_equipment/skill_type_8_4.png,주먹,character_art/elements_equipment/202000006_icon.png,목걸이,character_art/elements_equipment/216000003_icon.png,2019-07-11
Melina,4~5★ SA,character_art/icons/101070061_rank5_command.png,바람,character_art/elements_equipment/skill_type_8_8.png,망치,character_art/elements_equipment/202000007_icon.png,팔찌,character_art/elements_equipment/216000002_icon.png,2019-07-04
Nonold,3~5★ SA,character_art/icons/101000211_rank5_command.png,무,character_art/elements_equipment/skill_type_8_0.png,지팡이,character_art/elements_equipment/202000000_icon.png,반지,character_art/elements_equipment/216000004_icon.png,2019-07-04
Zilva,3~4★,character_art/icons/101030081_command.png,땅,character_art/elements_equipment/skill_type_8_2.png,도끼,character_art/elements_equipment/202000003_icon.png,목걸이,character_art/elements_equipment/216000003_icon.png,2019-07-04
Shanie,4~5★ SA,character_art/icons/101010081_rank5_command.png,바람,character_art/elements_equipment/skill_type_8_8.png,검,character_art/elements_equipment/202000001_icon.png,팔찌,character_art/elements_equipment/216000002_icon.png,2019-06-26
Cerrine,4~5★,character_art/icons/101060081_rank5_command.png,땅,character_art/elements_equipment/skill_type_8_2.png,주먹,character_art/elements_equipment/202000006_icon.png,목걸이,character_art/elements_equipment/216000003_icon.png,2019-06-12
Cetie,4~5★ SA,character_art/icons/101040091_rank5_command.png,불,character_art/elements_equipment/skill_type_8_1.png,창,character_art/elements_equipment/202000004_icon.png,팔찌,character_art/elements_equipment/216000002_icon.png,2019-06-12
Yazuki,3~4★,character_art/icons/101030061_command.png,물,character_art/elements_equipment/skill_type_8_4.png,도끼,character_art/elements_equipment/202000003_icon.png,목걸이,character_art/elements_equipment/216000003_icon.png,2019-06-12
Ewan,4~5★ SA,character_art/icons/101070051_rank5_command.png,불,character_art/elements_equipment/skill_type_8_1.png,망치,character_art/elements_equipment/202000007_icon.png,팔찌,character_art/elements_equipment/216000002_icon.png,2019-05-22
Erina,3~4★,character_art/icons/101000151_command.png,무,character_art/elements_equipment/skill_type_8_0.png,지팡이,character_art/elements_equipment/202000000_icon.png,반지,character_art/elements_equipment/216000004_icon.png,2019-05-22
Levia,5★,character_art/icons/101000201_rank5_command.png,바람,character_art/elements_equipment/skill_type_8_8.png,지팡이,character_art/elements_equipment/202000000_icon.png,반지,character_art/elements_equipment/216000004_icon.png,2019-05-08
Nagi,4~5★,character_art/icons/101030071_rank5_command.png,땅,character_art/elements_equipment/skill_type_8_2.png,도끼,character_art/elements_equipment/202000003_icon.png,목걸이,character_art/elements_equipment/216000003_icon.png,2019-05-08
Chiyo,3~4★,character_art/icons/101000191_command.png,땅,character_art/elements_equipment/skill_type_8_2.png,지팡이,character_art/elements_equipment/202000000_icon.png,반지,character_art/elements_equipment/216000004_icon.png,2019-05-08
Sheila,2~4★,character_art/icons/101040081_command.png,바람,character_art/elements_equipment/skill_type_8_8.png,창,character_art/elements_equipment/202000004_icon.png,팔찌,character_art/elements_equipment/216000002_icon.png,2019-05-08
Gariyu,2~5★,character_art/icons/101000081_rank5_command.png,불,character_art/elements_equipment/skill_type_8_1.png,지팡이,character_art/elements_equipment/202000000_icon.png,반지,character_art/elements_equipment/216000004_icon.png,2019-04-11
Yuna,4~5★ SA,character_art/icons/101000121_rank5_command.png,무,character_art/elements_equipment/skill_type_8_0.png,지팡이,character_art/elements_equipment/202000000_icon.png,반지,character_art/elements_equipment/216000004_icon.png,2019-04-11
Lovinia,3~4★,character_art/icons/101050071_command.png,물,character_art/elements_equipment/skill_type_8_4.png,활,character_art/elements_equipment/202000005_icon.png,반지,character_art/elements_equipment/216000004_icon.png,2019-04-11
Isuka,4~5★ SA,character_art/icons/101020071_rank5_command.png,물,character_art/elements_equipment/skill_type_8_4.png,도,character_art/elements_equipment/202000002_icon.png,반지,character_art/elements_equipment/216000004_icon.png,2019-03-27
Jade,2~5★,character_art/icons/101040071_rank5_command.png,불,character_art/elements_equipment/skill_type_8_1.png,창,character_art/elements_equipment/202000004_icon.png,팔찌,character_art/elements_equipment/216000002_icon.png,2019-03-27
Ruina,3~4★,character_art/icons/101010031_command.png,물,character_art/elements_equipment/skill_type_8_4.png,검,character_art/elements_equipment/202000001_icon.png,팔찌,character_art/elements_equipment/216000002_icon.png,2019-03-27
Azami,4~5★,character_art/icons/101020011_rank5_command.png,물,character_art/elements_equipment/skill_type_8_4.png,도,character_art/elements_equipment/202000002_icon.png,반지,character_art/elements_equipment/216000004_icon.png,2019-03-13
Laclair,4~5★,character_art/icons/101050061_rank5_command.png,바람,character_art/elements_equipment/skill_type_8_8.png,활,character_art/elements_equipment/202000005_icon.png,반지,character_art/elements_equipment/216000004_icon.png,2019-03-13
Samora,3~4★,character_art/icons/101070021_command.png,불,character_art/elements_equipment/skill_type_8_1.png,망치,character_art/elements_equipment/202000007_icon.png,팔찌,character_art/elements_equipment/216000002_icon.png,2019-03-13
Anabel,4~5★,character_art/icons/101010011_rank5_command.png,바람,character_art/elements_equipment/skill_type_8_8.png,검,character_art/elements_equipment/202000001_icon.png,팔찌,character_art/elements_equipment/216000002_icon.png,2019-02-28
Deirdre,2~5★,character_art/icons/101010051_rank5_command.png,"무,땅","character_art/elements_equipment/skill_type_8_0.png,character_art/elements_equipment/skill_type_8_2.png",검,character_art/elements_equipment/202000001_icon.png,팔찌,character_art/elements_equipment/216000002_icon.png,2019-02-28
Nero,3~4★,character_art/icons/101060071_command.png,바람,character_art/elements_equipment/skill_type_8_8.png,주먹,character_art/elements_equipment/202000006_icon.png,목걸이,character_art/elements_equipment/216000003_icon.png,2019-02-28
Akane,3~5★ SA,character_art/icons/101020051_rank5_command.png,불,character_art/elements_equipment/skill_type_8_1.png,도,character_art/elements_equipment/202000002_icon.png,반지,character_art/elements_equipment/216000004_icon.png,2019-01-28
Aldo,3~5★ SA,character_art/icons/101910011_rank5_command.png,"무,불","character_art/elements_equipment/skill_type_8_0.png,character_art/elements_equipment/skill_type_8_1.png",검,character_art/elements_equipment/202000001_icon.png,팔찌,character_art/elements_equipment/216000002_icon.png,2019-01-28
Amy,3~5★,character_art/icons/101960011_rank5_command.png,"무,물","character_art/elements_equipment/skill_type_8_0.png,character_art/elements_equipment/skill_type_8_4.png",주먹,character_art/elements_equipment/202000006_icon.png,목걸이,character_art/elements_equipment/216000003_icon.png,2019-01-28
Benedict,3~5★,character_art/icons/101030021_rank5_command.png,"무,물","character_art/elements_equipment/skill_type_8_0.png,character_art/elements_equipment/skill_type_8_4.png",도끼,character_art/elements_equipment/202000003_icon.png,목걸이,character_art/elements_equipment/216000003_icon.png,2019-01-28
Bivette,3~5★,character_art/icons/101000061_rank5_command.png,불,character_art/elements_equipment/skill_type_8_1.png,지팡이,character_art/elements_equipment/202000000_icon.png,반지,character_art/elements_equipment/216000004_icon.png,2019-01-28
Bria,3~5★,character_art/icons/101140021_rank5_command.png,바람,character_art/elements_equipment/skill_type_8_8.png,창,character_art/elements_equipment/202000004_icon.png,팔찌,character_art/elements_equipment/216000002_icon.png,2019-01-28
Ciel,3~5★,character_art/icons/101050021_rank5_command.png,땅,character_art/elements_equipment/skill_type_8_2.png,활,character_art/elements_equipment/202000005_icon.png,반지,character_art/elements_equipment/216000004_icon.png,2019-01-28
Cyrus,3~5★,character_art/icons/101920011_rank5_command.png,"무,바람","character_art/elements_equipment/skill_type_8_0.png,character_art/elements_equipment/skill_type_8_8.png",도,character_art/elements_equipment/202000002_icon.png,반지,character_art/elements_equipment/216000004_icon.png,2019-01-28
Feinne,3~5★,character_art/icons/101900011_rank5_command.png,무,character_art/elements_equipment/skill_type_8_0.png,지팡이,character_art/elements_equipment/202000000_icon.png,반지,character_art/elements_equipment/216000004_icon.png,2019-01-28
Helena,3~5★ SA,character_art/icons/101800052_rank5_command.png,"무,땅","character_art/elements_equipment/skill_type_8_0.png,character_art/elements_equipment/skill_type_8_2.png",지팡이,character_art/elements_equipment/202000000_icon.png,반지,character_art/elements_equipment/216000004_icon.png,2019-01-28
Lokido,4~5★,character_art/icons/101060031_rank5_command.png,땅,character_art/elements_equipment/skill_type_8_2.png,주먹,character_art/elements_equipment/202000006_icon.png,목걸이,character_art/elements_equipment/216000003_icon.png,2019-01-28
Mariel,4~5★ SA,character_art/icons/101000031_rank5_command.png,무,character_art/elements_equipment/skill_type_8_0.png,지팡이,character_art/elements_equipment/202000000_icon.png,반지,character_art/elements_equipment/216000004_icon.png,2019-01-28
May,3~5★,character_art/icons/101070031_rank5_command.png,땅,character_art/elements_equipment/skill_type_8_2.png,망치,character_art/elements_equipment/202000007_icon.png,팔찌,character_art/elements_equipment/216000002_icon.png,2019-01-28
Mighty,4~5★ SA,character_art/icons/101000041_rank5_command.png,바람,character_art/elements_equipment/skill_type_8_8.png,지팡이,character_art/elements_equipment/202000000_icon.png,반지,character_art/elements_equipment/216000004_icon.png,2019-01-28
Miyu,3~5★,character_art/icons/101010041_rank5_command.png,불,character_art/elements_equipment/skill_type_8_1.png,검,character_art/elements_equipment/202000001_icon.png,팔찌,character_art/elements_equipment/216000002_icon.png,2019-01-28
Prai,3~5★,character_art/icons/101070011_rank5_command.png,"불,무","character_art/elements_equipment/skill_type_8_1.png,character_art/elements_equipment/skill_type_8_0.png",망치,character_art/elements_equipment/202000007_icon.png,팔찌,character_art/elements_equipment/216000002_icon.png,2019-01-28
Riica,3~5★,character_art/icons/101970011_rank5_command.png,땅,character_art/elements_equipment/skill_type_8_2.png,망치,character_art/elements_equipment/202000007_icon.png,팔찌,character_art/elements_equipment/216000002_icon.png,2019-01-28
Sevyn,3~5★,character_art/icons/101000111_rank5_command.png,물,character_art/elements_equipment/skill_type_8_4.png,지팡이,character_art/elements_equipment/202000000_icon.png,반지,character_art/elements_equipment/216000004_icon.png,2019-01-28
Shion,4~5★ SA,character_art/icons/101020031_rank5_command.png,불,character_art/elements_equipment/skill_type_8_1.png,도,character_art/elements_equipment/202000002_icon.png,반지,character_art/elements_equipment/216000004_icon.png,2019-01-28
Suzette,4~5★ SA,character_art/icons/101040031_rank5_command.png,물,character_art/elements_equipment/skill_type_8_4.png,창,character_art/elements_equipment/202000004_icon.png,팔찌,character_art/elements_equipment/216000002_icon.png,2019-01-28
Toova,4~5★ SA,character_art/icons/101000051_rank5_command.png,땅,character_art/elements_equipment/skill_type_8_2.png,지팡이,character_art/elements_equipment/202000000_icon.png,반지,character_art/elements_equipment/216000004_icon.png,2019-01-28
Breeno,3~4★,character_art/icons/101010021_command.png,땅,character_art/elements_equipment/skill_type_8_2.png,검,character_art/elements_equipment/202000001_icon.png,팔찌,character_art/elements_equipment/216000002_icon.png,2019-01-28
Cyuca,3~4★,character_art/icons/101030051_command.png,물,character_art/elements_equipment/skill_type_8_4.png,도끼,character_art/elements_equipment/202000003_icon.png,목걸이,character_art/elements_equipment/216000003_icon.png,2019-01-28
Darunis,3~4★,character_art/icons/101050041_command.png,물,character_art/elements_equipment/skill_type_8_4.png,활,character_art/elements_equipment/202000005_icon.png,반지,character_art/elements_equipment/216000004_icon.png,2019-01-28
Denny,3~4★,character_art/icons/101030031_command.png,바람,character_art/elements_equipment/skill_type_8_8.png,도끼,character_art/elements_equipment/202000003_icon.png,목걸이,character_art/elements_equipment/216000003_icon.png,2019-01-28
Foran,3~4★,character_art/icons/101040051_command.png,바람,character_art/elements_equipment/skill_type_8_8.png,창,character_art/elements_equipment/202000004_icon.png,팔찌,character_art/elements_equipment/216000002_icon.png,2019-01-28
Komachi,3~4★,character_art/icons/101040011_command.png,땅,character_art/elements_equipment/skill_type_8_2.png,창,character_art/elements_equipment/202000004_icon.png,팔찌,character_art/elements_equipment/216000002_icon.png,2019-01-28
Krervo,3~4★,character_art/icons/101000071_command.png,무,character_art/elements_equipment/skill_type_8_0.png,지팡이,character_art/elements_equipment/202000000_icon.png,반지,character_art/elements_equipment/216000004_icon.png,2019-01-28
Lele,3~4★,character_art/icons/101000101_command.png,바람,character_art/elements_equipment/skill_type_8_8.png,지팡이,character_art/elements_equipment/202000000_icon.png,반지,character_art/elements_equipment/216000004_icon.png,2019-01-28
Lingli,3~4★,character_art/icons/101060021_command.png,불,character_art/elements_equipment/skill_type_8_1.png,주먹,character_art/elements_equipment/202000006_icon.png,목걸이,character_art/elements_equipment/216000003_icon.png,2019-01-28
Miranda,3~4★,character_art/icons/101030041_command.png,불,character_art/elements_equipment/skill_type_8_1.png,도끼,character_art/elements_equipment/202000003_icon.png,목걸이,character_art/elements_equipment/216000003_icon.png,2019-01-28
Myron,3~4★,character_art/icons/101010061_command.png,땅,character_art/elements_equipment/skill_type_8_2.png,검,character_art/elements_equipment/202000001_icon.png,팔찌,character_art/elements_equipment/216000002_icon.png,2019-01-28
Nikeh,3~4★,character_art/icons/101020021_command.png,바람,character_art/elements_equipment/skill_type_8_8.png,도,character_art/elements_equipment/202000002_icon.png,반지,character_art/elements_equipment/216000004_icon.png,2019-01-28
Nomar,3~4★,character_art/icons/101040041_command.png,바람,character_art/elements_equipment/skill_type_8_8.png,창,character_art/elements_equipment/202000004_icon.png,팔찌,character_art/elements_equipment/216000002_icon.png,2019-01-28
Otoha,3~4★,character_art/icons/101020041_command.png,땅,character_art/elements_equipment/skill_type_8_2.png,도,character_art/elements_equipment/202000002_icon.png,반지,character_art/elements_equipment/216000004_icon.png,2019-01-28
Parisa,3~4★,character_art/icons/101050031_command.png,불,character_art/elements_equipment/skill_type_8_1.png,활,character_art/elements_equipment/202000005_icon.png,반지,character_art/elements_equipment/216000004_icon.png,2019-01-28
Pom,3~4★,character_art/icons/101000161_command.png,무,character_art/elements_equipment/skill_type_8_0.png,지팡이,character_art/elements_equipment/202000000_icon.png,반지,character_art/elements_equipment/216000004_icon.png,2019-01-28
Raven,3~4★,character_art/icons/101000021_command.png,땅,character_art/elements_equipment/skill_type_8_2.png,지팡이,character_art/elements_equipment/202000000_icon.png,반지,character_art/elements_equipment/216000004_icon.png,2019-01-28
Rovella,3~4★,character_art/icons/101050051_command.png,바람,character_art/elements_equipment/skill_type_8_8.png,활,character_art/elements_equipment/202000005_icon.png,반지,character_art/elements_equipment/216000004_icon.png,2019-01-28
Rufus,3~4★,character_art/icons/101060051_command.png,불,character_art/elements_equipment/skill_type_8_1.png,주먹,character_art/elements_equipment/202000006_icon.png,목걸이,character_art/elements_equipment/216000003_icon.png,2019-01-28
Soira,3~4★,character_art/icons/101040021_command.png,물,character_art/elements_equipment/skill_type_8_4.png,창,character_art/elements_equipment/202000004_icon.png,팔찌,character_art/elements_equipment/216000002_icon.png,2019-01-28
Yio,3~4★,character_art/icons/101030011_command.png,땅,character_art/elements_equipment/skill_type_8_2.png,도끼,character_art/elements_equipment/202000003_icon.png,목걸이,character_art/elements_equipment/216000003_icon.png,2019-01-28
Asia,3★,character_art/icons/101150011_command.png,무,character_art/elements_equipment/skill_type_8_0.png,활,character_art/elements_equipment/202000005_icon.png,반지,character_art/elements_equipment/216000004_icon.png,2019-01-28
Ctos,3★,character_art/icons/101170021_command.png,무,character_art/elements_equipment/skill_type_8_0.png,망치,character_art/elements_equipment/202000007_icon.png,팔찌,character_art/elements_equipment/216000002_icon.png,2019-01-28
Een,3★,character_art/icons/101140031_command.png,무,character_art/elements_equipment/skill_type_8_0.png,창,character_art/elements_equipment/202000004_icon.png,팔찌,character_art/elements_equipment/216000002_icon.png,2019-01-28
Emms,3★,character_art/icons/101160021_command.png,무,character_art/elements_equipment/skill_type_8_0.png,주먹,character_art/elements_equipment/202000006_icon.png,목걸이,character_art/elements_equipment/216000003_icon.png,2019-01-28
Esta,3★,character_art/icons/101130021_command.png,무,character_art/elements_equipment/skill_type_8_0.png,도끼,character_art/elements_equipment/202000003_icon.png,목걸이,character_art/elements_equipment/216000003_icon.png,2019-01-28
Kilqia,3★,character_art/icons/101100011_command.png,무,character_art/elements_equipment/skill_type_8_0.png,지팡이,character_art/elements_equipment/202000000_icon.png,반지,character_art/elements_equipment/216000004_icon.png,2019-01-28
Koot,3★,character_art/icons/101120031_command.png,무,character_art/elements_equipment/skill_type_8_0.png,도,character_art/elements_equipment/202000002_icon.png,반지,character_art/elements_equipment/216000004_icon.png,2019-01-28
Menesia,3★,character_art/icons/101120011_command.png,무,character_art/elements_equipment/skill_type_8_0.png,도,character_art/elements_equipment/202000002_icon.png,반지,character_art/elements_equipment/216000004_icon.png,2019-01-28
Natore,3★,character_art/icons/101110021_command.png,무,character_art/elements_equipment/skill_type_8_0.png,검,character_art/elements_equipment/202000001_icon.png,팔찌,character_art/elements_equipment/216000002_icon.png,2019-01-28
Naylia,3★,character_art/icons/101110011_command.png,무,character_art/elements_equipment/skill_type_8_0.png,검,character_art/elements_equipment/202000001_icon.png,팔찌,character_art/elements_equipment/216000002_icon.png,2019-01-28
Nixa,3★,character_art/icons/101150021_command.png,무,character_art/elements_equipment/skill_type_8_0.png,활,character_art/elements_equipment/202000005_icon.png,반지,character_art/elements_equipment/216000004_icon.png,2019-01-28
Noome,3★,character_art/icons/101100031_command.png,무,character_art/elements_equipment/skill_type_8_0.png,지팡이,character_art/elements_equipment/202000000_icon.png,반지,character_art/elements_equipment/216000004_icon.png,2019-01-28
Oor,3★,character_art/icons/101130031_command.png,무,character_art/elements_equipment/skill_type_8_0.png,도끼,character_art/elements_equipment/202000003_icon.png,목걸이,character_art/elements_equipment/216000003_icon.png,2019-01-28
Pasia,3★,character_art/icons/101170011_command.png,무,character_art/elements_equipment/skill_type_8_0.png,망치,character_art/elements_equipment/202000007_icon.png,팔찌,character_art/elements_equipment/216000002_icon.png,2019-01-28
Rodeia,3★,character_art/icons/101130011_command.png,무,character_art/elements_equipment/skill_type_8_0.png,도끼,character_art/elements_equipment/202000003_icon.png,목걸이,character_art/elements_equipment/216000003_icon.png,2019-01-28
Saithe,3★,character_art/icons/101150031_command.png,무,character_art/elements_equipment/skill_type_8_0.png,활,character_art/elements_equipment/202000005_icon.png,반지,character_art/elements_equipment/216000004_icon.png,2019-01-28
Sauria,3★,character_art/icons/101140011_command.png,무,character_art/elements_equipment/skill_type_8_0.png,창,character_art/elements_equipment/202000004_icon.png,팔찌,character_art/elements_equipment/216000002_icon.png,2019-01-28
Tayme,3★,character_art/icons/101160031_command.png,무,character_art/elements_equipment/skill_type_8_0.png,주먹,character_art/elements_equipment/202000006_icon.png,목걸이,character_art/elements_equipment/216000003_icon.png,2019-01-28
Tohme,3★,character_art/icons/101120021_command.png,무,character_art/elements_equipment/skill_type_8_0.png,도,character_art/elements_equipment/202000002_icon.png,반지,character_art/elements_equipment/216000004_icon.png,2019-01-28
Toole,3★,character_art/icons/101170031_command.png,무,character_art/elements_equipment/skill_type_8_0.png,망치,character_art/elements_equipment/202000007_icon.png,팔찌,character_art/elements_equipment/216000002_icon.png,2019-01-28
Urania,3★,character_art/icons/101160011_command.png,무,character_art/elements_equipment/skill_type_8_0.png,주먹,character_art/elements_equipment/202000006_icon.png,목걸이,character_art/elements_equipment/216000003_icon.png,2019-01-28
Uuo,3★,character_art/icons/101110031_command.png,무,character_art/elements_equipment/skill_type_8_0.png,검,character_art/elements_equipment/202000001_icon.png,팔찌,character_art/elements_equipment/216000002_icon.png,2019-01-28
Yssis,3★,character_art/icons/101100021_command.png,무,character_art/elements_equipment/skill_type_8_0.png,지팡이,character_art/elements_equipment/202000000_icon.png,반지,character_art/elements_equipment/216000004_icon.png,2019-01-28
